{"credit":"Made with Blockbench, a free, modern block model editor by JannisX11","textures":{"0":"blocks/mushroom_block_skin_red","2":"blocks/concrete_yellow","3":"blocks/concrete_black","5":"blocks/water_still","particle":"blocks/mushroom_block_skin_red"},"elements":[{"name":"cube","from":[4,6,4],"to":[5,7,8],"faces":{"north":{"uv":[0,0,0.4996281914089037,0.4996281914089037],"texture":"#0"},"east":{"uv":[0,0,0.4996281914089037,0.4996281914089037],"texture":"#0"},"south":{"uv":[0,0,0.5,0.5],"texture":"#0","rotation":270},"west":{"uv":[0,0,0.4996281914089037,0.4996281914089037],"texture":"#0"},"up":{"uv":[0,0,2,0.5],"texture":"#0","rotation":270},"down":{"uv":[0,0,2,0.5],"texture":"#0","rotation":270}},"rotation":{"origin":[6,8,8],"axis":"y","angle":0},"type":"cube"},{"name":"cube","from":[11,6,4],"to":[12,7,8],"faces":{"north":{"uv":[0,0,0.5,0.5],"texture":"#0","rotation":90},"east":{"uv":[0,0,0.4996281914089037,0.4996281914089037],"texture":"#0"},"south":{"uv":[0,0,0.5,0.5],"texture":"#0","rotation":270},"west":{"uv":[0,0,2,0.5],"texture":"#0","rotation":180},"up":{"uv":[0,0,2,0.5],"texture":"#0","rotation":270},"down":{"uv":[0,0,2,0.5],"texture":"#0","rotation":270}},"rotation":{"origin":[13,8,8],"axis":"y","angle":0},"type":"cube"},{"name":"cube","from":[4.6,8,4],"to":[11.4,8.2,8],"faces":{"north":{"uv":[0,0,0.4996281914089037,0.4996281914089037],"texture":"#0"},"east":{"uv":[0,0,0.4996281914089037,0.4996281914089037],"texture":"#0"},"south":{"uv":[0,0,0.4996281914089037,0.4996281914089037],"texture":"#0"},"west":{"uv":[0,0,0.4996281914089037,0.4996281914089037],"texture":"#0"},"up":{"uv":[0,0,0.4996281914089037,0.4996281914089037],"texture":"#0"},"down":{"uv":[0,0,3.4000000000000004,2],"texture":"#0"}},"type":"cube"},{"name":"cube","from":[4,7,4],"to":[12,8,8],"faces":{"north":{"uv":[0,0,0.4996281914089037,0.4996281914089037],"texture":"#0"},"east":{"uv":[0,0,0.4996281914089037,0.4996281914089037],"texture":"#0"},"south":{"uv":[0,0,0.4996281914089037,0.4996281914089037],"texture":"#0"},"west":{"uv":[0,0,0.4996281914089037,0.4996281914089037],"texture":"#0"},"up":{"uv":[0,0,0.4996281914089037,0.4996281914089037],"texture":"#0"},"down":{"uv":[0,0,0.4996281914089037,0.4996281914089037],"texture":"#0"}},"type":"cube"},{"name":"cube","from":[4.4,0.5999999999999996,7.299999999999999],"to":[11.4,5.4,8.299999999999999],"faces":{"north":{"uv":[0,0,0.5,0.5],"texture":"#0","rotation":90},"east":{"uv":[0,0,0.5,0.5],"texture":"#0","rotation":90},"south":{"uv":[0,0,0.5,0.5],"texture":"#0","rotation":90},"west":{"uv":[0,0,0.5,0.5],"texture":"#0","rotation":90},"up":{"uv":[0,0,0.5,0.5],"texture":"#0","rotation":90},"down":{"uv":[0,0,0.5,0.5],"texture":"#0","rotation":90}},"type":"cube"},{"name":"cube","from":[11.3,0.5999999999999996,4.4],"to":[12.3,5.4,7.700000000000001],"faces":{"north":{"uv":[0,0,0.5,0.5],"texture":"#0","rotation":90},"east":{"uv":[0,0,0.5,0.5],"texture":"#0","rotation":90},"south":{"uv":[0,0,0.5,0.5],"texture":"#0","rotation":90},"west":{"uv":[0,0,0.5,0.5],"texture":"#0","rotation":90},"up":{"uv":[0,0,0.5,0.5],"texture":"#0","rotation":90},"down":{"uv":[0,0,0.5,0.5],"texture":"#0","rotation":90}},"type":"cube"},{"name":"cube","from":[10.1,0.5999999999999996,4.4],"to":[12,6,7.700000000000001],"faces":{"north":{"uv":[0,0,2.7,0.9500000000000002],"texture":"#0","rotation":90},"east":{"uv":[0,0,0.4996281914089037,0.4996281914089037],"texture":"#0"},"south":{"uv":[0,0,2.7,0.9500000000000002],"texture":"#0","rotation":90},"west":{"uv":[0,0,1.6500000000000004,2.7],"texture":"#0"},"up":{"uv":[0,0,0.4996281914089037,0.4996281914089037],"texture":"#0"},"down":{"uv":[0,0,1.6500000000000004,0.9500000000000002],"texture":"#0","rotation":90}},"type":"cube"},{"name":"cube","from":[4.000000000000001,0.5999999999999996,4.9],"to":[5.799999999999998,6,7.700000000000001],"faces":{"north":{"uv":[0,0,2.7,0.8999999999999986],"texture":"#0","rotation":90},"east":{"uv":[0,0,1.4000000000000004,2.7],"texture":"#0"},"south":{"uv":[0,0,2.7,0.8999999999999986],"texture":"#0","rotation":90},"west":{"uv":[0,0,1.4000000000000004,2.7],"texture":"#0"},"up":{"uv":[0,0,0.8999999999999986,1.4000000000000004],"texture":"#0"},"down":{"uv":[0,0,1.4000000000000004,0.8999999999999986],"texture":"#0","rotation":90}},"type":"cube"},{"name":"cube","from":[3.7,0.5999999999999996,4.4],"to":[4.7,5.4,7.700000000000001],"faces":{"north":{"uv":[0,0,0.5,0.5],"texture":"#0","rotation":90},"east":{"uv":[0,0,0.5,0.5],"texture":"#0","rotation":90},"south":{"uv":[0,0,0.5,0.5],"texture":"#0","rotation":90},"west":{"uv":[0,0,0.5,0.5],"texture":"#0","rotation":90},"up":{"uv":[0,0,0.5,0.5],"texture":"#0","rotation":90},"down":{"uv":[0,0,0.5,0.5],"texture":"#0","rotation":90}},"type":"cube"},{"name":"cube","from":[4,0,4],"to":[12,1,8],"faces":{"north":{"uv":[0,0,0.5,0.5],"texture":"#0","rotation":90},"east":{"uv":[0,0,0.5,0.5],"texture":"#0","rotation":90},"south":{"uv":[0,0,0.5,0.5],"texture":"#0","rotation":90},"west":{"uv":[0,0,2,0.5],"texture":"#0"},"up":{"uv":[0,0,0.5,0.5],"texture":"#0","rotation":90},"down":{"uv":[0,0,0.5,0.5],"texture":"#0","rotation":90}},"type":"cube"},{"name":"cube","from":[4,0,4],"to":[12,1,8],"faces":{"north":{"uv":[0,0,0.5,0.5],"texture":"#0","rotation":90},"east":{"uv":[0,0,0.5,0.5],"texture":"#0","rotation":90},"south":{"uv":[0,0,0.5,0.5],"texture":"#0","rotation":90},"west":{"uv":[0,0,0.4996281914089037,0.4996281914089037],"texture":"#0"},"up":{"uv":[0,0,0.5,0.5],"texture":"#0","rotation":90},"down":{"uv":[0,0,0.4996281914089037,0.4996281914089037],"texture":"#0"}},"type":"cube"},{"name":"cube","from":[5.699999999999999,0,5],"to":[10.7,5.800000000000001,7],"faces":{"north":{"uv":[0,0,2.500000000000001,2.9000000000000004],"texture":"#5"},"east":{"uv":[0,0,1,2.9000000000000004],"texture":"#0"},"south":{"uv":[0,0,2.500000000000001,2.9000000000000004],"texture":"#0"},"west":{"uv":[0,0,1,2.9000000000000004],"texture":"#0"},"up":{"uv":[0,0,2.500000000000001,1],"texture":"#5"},"down":{"uv":[0,0,2.500000000000001,1],"texture":"#0"}},"type":"cube"},{"name":"cube","from":[4,0,7],"to":[12,6,8],"faces":{"north":{"uv":[0,0,0.4996281914089037,0.4996281914089037],"texture":"#0"},"east":{"uv":[0,0,0.4996281914089037,0.4996281914089037],"texture":"#0"},"south":{"uv":[0,0,0.4996281914089037,0.4996281914089037],"texture":"#0"},"west":{"uv":[0,0,0.4996281914089037,0.4996281914089037],"texture":"#0"},"up":{"uv":[0,0,0.4996281914089037,0.4996281914089037],"texture":"#0"},"down":{"uv":[0,0,4,0.5],"texture":"#0"}},"type":"cube"},{"name":"cube","from":[5.600000000000001,0.5,3.6999999999999993],"to":[10,1.200000000000001,4],"faces":{"north":{"uv":[0,0,0.4996281914089037,0.4996281914089037],"texture":"#0"},"east":{"uv":[0,0,0.35000000000000053,0.15000000000000036],"texture":"#0","rotation":270},"south":{"uv":[0,0,0.35000000000000053,2.1999999999999993],"texture":"#0","rotation":270},"west":{"uv":[0,0,0.35000000000000053,0.15000000000000036],"texture":"#0","rotation":270},"up":{"uv":[0,0,0.15000000000000036,2.1999999999999993],"texture":"#0","rotation":270},"down":{"uv":[0,0,0.4996281914089037,0.4996281914089037],"texture":"#0"}},"rotation":{"origin":[11.8,3.4000000000000004,7],"axis":"z","angle":0},"type":"cube"},{"name":"cube","from":[5.600000000000001,4.5,3.6999999999999993],"to":[10,5.200000000000001,4],"faces":{"north":{"uv":[0,0,0.4996281914089037,0.4996281914089037],"texture":"#0"},"east":{"uv":[0,0,0.35000000000000053,0.15000000000000036],"texture":"#0","rotation":270},"south":{"uv":[0,0,0.35000000000000053,2.1999999999999993],"texture":"#0","rotation":270},"west":{"uv":[0,0,0.35000000000000053,0.15000000000000036],"texture":"#0","rotation":270},"up":{"uv":[0,0,0.4996281914089037,0.4996281914089037],"texture":"#0"},"down":{"uv":[0,0,0.15000000000000036,2.1999999999999993],"texture":"#0","rotation":270}},"rotation":{"origin":[11.8,7.4,7],"axis":"z","angle":0},"type":"cube"},{"name":"cube","from":[5.6,1,3.6999999999999993],"to":[7.4,4.499999999999998,4],"faces":{"north":{"uv":[0,0,0.4996281914089037,0.4996281914089037],"texture":"#0"},"east":{"uv":[0,0,0.15000000000000036,1.7499999999999991],"texture":"#0"},"south":{"uv":[0,0,0.9000000000000004,1.7499999999999991],"texture":"#0"},"west":{"uv":[0,0,0.4996281914089037,0.4996281914089037],"texture":"#0"},"up":{"uv":[0,0,0.9000000000000004,0.15000000000000036],"texture":"#0"},"down":{"uv":[0,0,0.9000000000000004,0.15000000000000036],"texture":"#0"}},"rotation":{"origin":[9.6,-1,7],"axis":"z","angle":0},"type":"cube"},{"name":"cube","from":[8.1,1,3.6999999999999993],"to":[10,4.499999999999998,4],"faces":{"north":{"uv":[0,0,0.4996281914089037,0.4996281914089037],"texture":"#0"},"east":{"uv":[0,0,0.4996281914089037,0.4996281914089037],"texture":"#0"},"south":{"uv":[0,0,0.9500000000000002,1.7499999999999991],"texture":"#0"},"west":{"uv":[0,0,1.7499999999999991,0.15000000000000036],"texture":"#0","rotation":90},"up":{"uv":[0,0,0.9500000000000002,0.15000000000000036],"texture":"#0"},"down":{"uv":[0,0,0.9500000000000002,0.15000000000000036],"texture":"#0"}},"rotation":{"origin":[12,-1,7],"axis":"z","angle":0},"type":"cube"},{"name":"cube","from":[6,5,4],"to":[10,6,5],"faces":{"north":{"uv":[0,0,0.4996281914089037,0.4996281914089037],"texture":"#0"},"east":{"uv":[0,0,0.5,0.5],"texture":"#0","rotation":90},"south":{"uv":[0,0,0.4996281914089037,0.4996281914089037],"texture":"#0"},"west":{"uv":[0,0,0.5,0.5],"texture":"#0","rotation":90},"up":{"uv":[0,0,0.4996281914089037,0.4996281914089037],"texture":"#0"},"down":{"uv":[0,0,0.4996281914089037,0.4996281914089037],"texture":"#0"}},"rotation":{"origin":[12,3,8],"axis":"z","angle":0},"type":"cube"},{"name":"cube","from":[4,1,4],"to":[6,6,5],"faces":{"north":{"uv":[0,0,0.4996281914089037,0.4996281914089037],"texture":"#0"},"east":{"uv":[0,0,0.4996281914089037,0.4996281914089037],"texture":"#0"},"south":{"uv":[0,0,1,2.5],"texture":"#0"},"west":{"uv":[0,0,0.4996281914089037,0.4996281914089037],"texture":"#0"},"up":{"uv":[0,0,0.4996281914089037,0.4996281914089037],"texture":"#0"},"down":{"uv":[0,0,1,0.5],"texture":"#0"}},"type":"cube"},{"name":"cube","from":[10,1,4],"to":[12,6,5],"faces":{"north":{"uv":[0,0,0.4996281914089037,0.4996281914089037],"texture":"#0"},"east":{"uv":[0,0,0.4996281914089037,0.4996281914089037],"texture":"#0"},"south":{"uv":[0,0,1,2.5],"texture":"#0"},"west":{"uv":[0,0,0.5,2.5],"texture":"#0"},"up":{"uv":[0,0,1,0.5],"texture":"#0"},"down":{"uv":[0,0,1,0.5],"texture":"#0"}},"type":"cube"},{"name":"cube","from":[0.7999999999999998,7.9,5.5],"to":[2.3,8.9,6.5],"faces":{"north":{"uv":[0,0,1.5,1],"texture":"#2"},"east":{"uv":[0,0,1,1],"texture":"#2"},"south":{"uv":[0,0,1.5,1],"texture":"#2"},"west":{"uv":[0,0,1,1],"texture":"#2"},"up":{"uv":[0,0,1.5,1],"texture":"#2"},"down":{"uv":[0,0,1.5,1],"texture":"#2"}},"rotation":{"origin":[6,9.5,8],"axis":"z","angle":22.5},"type":"cube"},{"name":"cube","from":[2.8,6.5,5.5],"to":[4.3,7.5,6.5],"faces":{"north":{"uv":[0,0,1.5,1],"texture":"#2"},"east":{"uv":[0,0,1,1],"texture":"#missing"},"south":{"uv":[0,0,1.5,1],"texture":"#2"},"west":{"uv":[0,0,1,1],"texture":"#missing"},"up":{"uv":[0,0,1.5,1],"texture":"#2"},"down":{"uv":[0,0,1.5,1],"texture":"#2"}},"type":"cube"},{"name":"cube","from":[3.6000000000000005,6.300000000000001,5.300000000000001],"to":[4.3,7.699999999999999,6.700000000000001],"faces":{"north":{"uv":[0,0,0.34999999999999964,0.6999999999999993],"texture":"#3"},"east":{"uv":[0,0,1.4000000000000004,1.3999999999999986],"texture":"#missing"},"south":{"uv":[0,0,0.34999999999999964,0.6999999999999993],"texture":"#3"},"west":{"uv":[0,0,0.7000000000000002,0.6999999999999993],"texture":"#3"},"up":{"uv":[0,0,0.34999999999999964,0.7000000000000002],"texture":"#3"},"down":{"uv":[0,0,0.34999999999999964,0.7000000000000002],"texture":"#3"}},"type":"cube"},{"name":"cube","from":[5.699999999999999,0,5],"to":[10.7,5.800000000000001,7],"faces":{"north":{"uv":[0,0,2.500000000000001,2.9000000000000004],"texture":"#5"},"east":{"uv":[0,0,1,2.9000000000000004],"texture":"#0"},"south":{"uv":[0,0,2.500000000000001,2.9000000000000004],"texture":"#0"},"west":{"uv":[0,0,1,2.9000000000000004],"texture":"#0"},"up":{"uv":[0,0,2.500000000000001,1],"texture":"#5"},"down":{"uv":[0,0,2.500000000000001,1],"texture":"#0"}},"type":"cube"}],"display":{"thirdperson_righthand":{"rotation":[100,-86,25],"scale":[0.9,0.9,0.8],"translation":[-1.5,0,-1.5]},"thirdperson_lefthand":{"scale":[0.9,0.9,0.9],"rotation":[43,90,26],"translation":[1.8,-0.5,-1.5]},"firstperson_lefthand":{"scale":[1,1,1],"rotation":[9,161,2],"translation":[2,6.5,0]},"firstperson_righthand":{"scale":[1,1,1],"rotation":[12,-31,1],"translation":[-0.5,7,4]}}}