{"display":{"thirdperson_righthand":{"scale":[0.5,0.5,0.5]},"thirdperson_lefthand":{"translation":[0,0,1.75],"scale":[0.5,0.5,0.5]},"firstperson_righthand":{"translation":[0,2.5,0],"scale":[0.5,0.5,0.5]},"gui":{"rotation":[23,26,0],"scale":[0.8,0.8,0.8]}},"texture_size":[64,64],"textures":{"0":"item/box","particle":"item/box"},"elements":[{"from":[2,0,2],"to":[14,9,14],"faces":{"north":{"uv":[3,7.75,6,10],"texture":"#0"},"east":{"uv":[0,7.75,3,10],"texture":"#0"},"south":{"uv":[9,7.75,12,10],"texture":"#0"},"west":{"uv":[6,7.75,9,10],"texture":"#0"},"up":{"uv":[6,7.75,3,4.75],"texture":"#0"},"down":{"uv":[9,4.75,6,7.75],"texture":"#0"}}},{"from":[1,9,1],"to":[15,14,15],"rotation":{"angle":0,"axis":"y","origin":[0,12,0]},"faces":{"north":{"uv":[3.5,3.5,7,4.75],"texture":"#0"},"east":{"uv":[0,3.5,3.5,4.75],"texture":"#0"},"south":{"uv":[10.5,3.5,14,4.75],"texture":"#0"},"west":{"uv":[7,3.5,10.5,4.75],"texture":"#0"},"up":{"uv":[7,3.5,3.5,0],"texture":"#0"},"down":{"uv":[10.5,0,7,3.5],"texture":"#0"}}},{"from":[5,14,5],"to":[11,18,11],"faces":{"north":{"uv":[11.5,14.5,13,15.5],"texture":"#0"},"east":{"uv":[10,14.5,11.5,15.5],"texture":"#0"},"south":{"uv":[14.5,14.5,16,15.5],"texture":"#0"},"west":{"uv":[13,14.5,14.5,15.5],"texture":"#0"},"up":{"uv":[13,14.5,11.5,13],"texture":"#0"},"down":{"uv":[14.5,13,13,14.5],"texture":"#0"}}}]}