{"display":{"thirdperson_righthand":{"rotation":[0,180,0],"translation":[0,-0.75,-1.75],"scale":[0.5,0.5,0.5]},"thirdperson_lefthand":{"rotation":[0,180,0],"translation":[0,-0.75,-1.75],"scale":[0.5,0.5,0.5]},"firstperson_righthand":{"rotation":[0,-51,0],"translation":[-0.25,4,0],"scale":[0.5,0.5,0.5]},"firstperson_lefthand":{"rotation":[0,-51,0],"translation":[-0.25,4,0],"scale":[0.5,0.5,0.5]},"gui":{"rotation":[15,20,-5],"scale":[0.75,0.75,0.75]},"head":{"rotation":[0,180,0],"translation":[0,14.5,0]},"fixed":{"rotation":[-90,0,0],"translation":[0,0,-8]}},"texture_size":[64,64],"textures":{"0":"item/cinnamoroll","particle":"item/cinnamoroll"},"elements":[{"from":[4,0,4],"to":[12,8,12],"rotation":{"angle":0,"axis":"y","origin":[-0.5,2,2.5]},"faces":{"north":{"uv":[5,0,7,2],"texture":"#0"},"east":{"uv":[5,2,7,4],"texture":"#0"},"south":{"uv":[5,4,7,6],"texture":"#0"},"west":{"uv":[5,6,7,8],"texture":"#0"},"up":{"uv":[4.5,8.75,2.5,6.75],"texture":"#0"},"down":{"uv":[9,0,7,2],"texture":"#0"}}},{"from":[3,8,3],"to":[13,17,13],"faces":{"north":{"uv":[2.5,0,5,2.25],"texture":"#0"},"east":{"uv":[2.5,2.25,5,4.5],"texture":"#0"},"south":{"uv":[2.5,4.5,5,6.75],"texture":"#0"},"west":{"uv":[0,5,2.5,7.25],"texture":"#0"},"up":{"uv":[2.5,2.5,0,0],"texture":"#0"},"down":{"uv":[2.5,2.5,0,5],"texture":"#0"}}},{"from":[3.5,0,12],"to":[7.5,4,16],"faces":{"north":{"uv":[1.75,8.75,2.75,9.75],"texture":"#0"},"east":{"uv":[2.75,8.75,3.75,9.75],"texture":"#0"},"south":{"uv":[8.75,3.5,9.75,4.5],"texture":"#0"},"west":{"uv":[8.75,4.5,9.75,5.5],"texture":"#0"},"up":{"uv":[9.75,6.5,8.75,5.5],"texture":"#0"},"down":{"uv":[9.75,6.5,8.75,7.5],"texture":"#0"}}},{"from":[8.5,0,12],"to":[12.5,4,16],"rotation":{"angle":0,"axis":"y","origin":[16,0,0]},"faces":{"north":{"uv":[8.75,7.5,9.75,8.5],"texture":"#0"},"east":{"uv":[8.75,8.5,9.75,9.5],"texture":"#0"},"south":{"uv":[9,0,10,1],"texture":"#0"},"west":{"uv":[9,1,10,2],"texture":"#0"},"up":{"uv":[10.5,3,9.5,2],"texture":"#0"},"down":{"uv":[4.75,9.5,3.75,10.5],"texture":"#0"}}},{"from":[12.8,8,13.1],"to":[17.8,13,13.1],"rotation":{"angle":45,"axis":"z","origin":[16,0,0]},"faces":{"north":{"uv":[10,0,11.25,1.25],"texture":"#0"},"east":{"uv":[10,0,10,1.25],"texture":"#0"},"south":{"uv":[11.25,0,12.5,1.25],"texture":"#0"},"west":{"uv":[11.25,0,11.25,1.25],"texture":"#0"},"up":{"uv":[11.25,0,10,0],"texture":"#0"},"down":{"uv":[12.5,0,11.25,0],"texture":"#0"}}},{"from":[-6.03984,-11.23833,7],"to":[-3.03984,-5.23833,10],"rotation":{"angle":-45,"axis":"z","origin":[14.96016,-10.73833,-1]},"faces":{"north":{"uv":[8,3.5,8.75,5],"texture":"#0"},"east":{"uv":[4.5,8,5.25,9.5],"texture":"#0"},"south":{"uv":[8,5,8.75,6.5],"texture":"#0"},"west":{"uv":[5.25,8,6,9.5],"texture":"#0"},"up":{"uv":[4.5,9.5,3.75,8.75],"texture":"#0"},"down":{"uv":[9,9.5,8.25,10.25],"texture":"#0"}}},{"from":[19.03984,-11.23833,7],"to":[22.03984,-5.23833,10],"rotation":{"angle":45,"axis":"z","origin":[1.03984,-10.73833,-1]},"faces":{"north":{"uv":[6,8,6.75,9.5],"texture":"#0"},"east":{"uv":[8,6.5,8.75,8],"texture":"#0"},"south":{"uv":[8,8,8.75,9.5],"texture":"#0"},"west":{"uv":[1,8.75,1.75,10.25],"texture":"#0"},"up":{"uv":[9.75,10.25,9,9.5],"texture":"#0"},"down":{"uv":[0.75,9.75,0,10.5],"texture":"#0"}}},{"from":[2,7,6],"to":[3,17,10],"rotation":{"angle":0,"axis":"z","origin":[-16,11.5,2]},"faces":{"north":{"uv":[7.25,9.5,7.5,12],"texture":"#0"},"east":{"uv":[7,2,8,4.5],"texture":"#0"},"south":{"uv":[7.5,9.5,7.75,12],"texture":"#0"},"west":{"uv":[7,4.5,8,7],"texture":"#0"},"up":{"uv":[4.75,7.75,4.5,6.75],"texture":"#0"},"down":{"uv":[5,6.75,4.75,7.75],"texture":"#0"}}},{"from":[2,17,6],"to":[5,18,10],"rotation":{"angle":0,"axis":"z","origin":[-0.5,36,2]},"faces":{"north":{"uv":[11,7.5,11.75,7.75],"texture":"#0"},"east":{"uv":[10,7.5,11,7.75],"texture":"#0"},"south":{"uv":[12.75,7.5,13.5,7.75],"texture":"#0"},"west":{"uv":[11.75,7.5,12.75,7.75],"texture":"#0"},"up":{"uv":[11.75,7.5,11,6.5],"texture":"#0"},"down":{"uv":[12.5,6.5,11.75,7.5],"texture":"#0"}}},{"from":[13,7,6],"to":[14,17,10],"rotation":{"angle":0,"axis":"y","origin":[-16,11.5,2]},"faces":{"north":{"uv":[7.75,9.5,8,12],"texture":"#0"},"east":{"uv":[7,7,8,9.5],"texture":"#0"},"south":{"uv":[8,9.5,8.25,12],"texture":"#0"},"west":{"uv":[0,7.25,1,9.75],"texture":"#0"},"up":{"uv":[7,9,6.75,8],"texture":"#0"},"down":{"uv":[1,9.75,0.75,10.75],"texture":"#0"}}},{"from":[11,17,6],"to":[14,18,10],"rotation":{"angle":0,"axis":"z","origin":[16.5,36,2]},"faces":{"north":{"uv":[11.5,5,10.75,5.25],"texture":"#0"},"east":{"uv":[12.5,5,11.5,5.25],"texture":"#0"},"south":{"uv":[13.25,5,12.5,5.25],"texture":"#0"},"west":{"uv":[10.75,5,9.75,5.25],"texture":"#0"},"up":{"uv":[10.75,5,11.5,4],"texture":"#0"},"down":{"uv":[11.5,4,12.25,5],"texture":"#0"}}}]}