{"display":{"thirdperson_righthand":{"rotation":[0,180,0],"translation":[0,-0.75,-1.75],"scale":[0.5,0.5,0.5]},"thirdperson_lefthand":{"rotation":[0,180,0],"translation":[0,-0.75,-1.75],"scale":[0.5,0.5,0.5]},"firstperson_righthand":{"rotation":[0,-51,0],"translation":[-0.25,4,0],"scale":[0.5,0.5,0.5]},"firstperson_lefthand":{"rotation":[0,-51,0],"translation":[-0.25,4,0],"scale":[0.5,0.5,0.5]},"gui":{"rotation":[15,20,-5],"scale":[0.75,0.75,0.75]},"head":{"rotation":[0,180,0],"translation":[0,14.5,0]},"fixed":{"rotation":[-90,0,0],"translation":[0,0,-8]}},"texture_size":[64,64],"textures":{"0":"item/kitty","particle":"item/kitty"},"elements":[{"from":[4,0,4],"to":[12,8,12],"rotation":{"angle":0,"axis":"y","origin":[-0.5,2,2.5]},"faces":{"north":{"uv":[2.5,5,4.5,7],"texture":"#0"},"east":{"uv":[5,2.5,7,4.5],"texture":"#0"},"south":{"uv":[4.5,5,6.5,7],"texture":"#0"},"west":{"uv":[6.5,4.5,8.5,6.5],"texture":"#0"},"up":{"uv":[8.5,8.5,6.5,6.5],"texture":"#0"},"down":{"uv":[4.5,7,2.5,9],"texture":"#0"}}},{"from":[3,8,3],"to":[13,17,13],"faces":{"north":{"uv":[0,0.25,2.5,2.5],"texture":"#0"},"east":{"uv":[0,2.75,2.5,5],"texture":"#0"},"south":{"uv":[2.5,0.25,5,2.5],"texture":"#0"},"west":{"uv":[2.5,2.75,5,5],"texture":"#0"},"up":{"uv":[2.5,7.5,0,5.25],"texture":"#0"},"down":{"uv":[7.5,0.25,5,2.5],"texture":"#0"}}},{"from":[3.5,0,12],"to":[7.5,4,16],"faces":{"north":{"uv":[8.5,6,9.5,7],"texture":"#0"},"east":{"uv":[6.75,8.5,7.75,9.5],"texture":"#0"},"south":{"uv":[8.5,7,9.5,8],"texture":"#0"},"west":{"uv":[7.75,8.5,8.75,9.5],"texture":"#0"},"up":{"uv":[9.75,9,8.75,8],"texture":"#0"},"down":{"uv":[1,9,0,10],"texture":"#0"}}},{"from":[8.5,0,12],"to":[12.5,4,16],"rotation":{"angle":0,"axis":"y","origin":[16,0,0]},"faces":{"north":{"uv":[9,0,10,1],"texture":"#0"},"east":{"uv":[1,9,2,10],"texture":"#0"},"south":{"uv":[2,9,3,10],"texture":"#0"},"west":{"uv":[3,9,4,10],"texture":"#0"},"up":{"uv":[9.75,10,8.75,9],"texture":"#0"},"down":{"uv":[10.25,1,9.25,2],"texture":"#0"}}},{"from":[-13.87939,10.95004,8],"to":[-10.87939,16.95004,11],"rotation":{"angle":-45,"axis":"z","origin":[1.12061,-11.84996,2]},"faces":{"north":{"uv":[7,2.5,7.75,4],"texture":"#0"},"east":{"uv":[4.5,7,5.25,8.5],"texture":"#0"},"south":{"uv":[5.25,7,6,8.5],"texture":"#0"},"west":{"uv":[0,7.5,0.75,9],"texture":"#0"},"up":{"uv":[10,2.75,9.25,2],"texture":"#0"},"down":{"uv":[10,2.75,9.25,3.5],"texture":"#0"}}},{"from":[-6.03984,-11.23833,7],"to":[-3.03984,-5.23833,10],"rotation":{"angle":-45,"axis":"z","origin":[14.96016,-10.73833,-1]},"faces":{"north":{"uv":[7.5,0,8.25,1.5],"texture":"#0"},"east":{"uv":[0.75,7.5,1.5,9],"texture":"#0"},"south":{"uv":[1.5,7.5,2.25,9],"texture":"#0"},"west":{"uv":[7.75,1.5,8.5,3],"texture":"#0"},"up":{"uv":[10,4.25,9.25,3.5],"texture":"#0"},"down":{"uv":[10,4.25,9.25,5],"texture":"#0"}}},{"from":[26.87939,10.95004,8],"to":[29.87939,16.95004,11],"rotation":{"angle":45,"axis":"z","origin":[14.87939,-11.84996,2]},"faces":{"north":{"uv":[7.75,3,8.5,4.5],"texture":"#0"},"east":{"uv":[8.25,0,9,1.5],"texture":"#0"},"south":{"uv":[8.5,1.5,9.25,3],"texture":"#0"},"west":{"uv":[8.5,3,9.25,4.5],"texture":"#0"},"up":{"uv":[10,5.75,9.25,5],"texture":"#0"},"down":{"uv":[10.25,5.75,9.5,6.5],"texture":"#0"}}},{"from":[19.03984,-11.23833,7],"to":[22.03984,-5.23833,10],"rotation":{"angle":45,"axis":"z","origin":[1.03984,-10.73833,-1]},"faces":{"north":{"uv":[4.5,8.5,5.25,10],"texture":"#0"},"east":{"uv":[8.5,4.5,9.25,6],"texture":"#0"},"south":{"uv":[5.25,8.5,6,10],"texture":"#0"},"west":{"uv":[6,8.5,6.75,10],"texture":"#0"},"up":{"uv":[10.25,7.25,9.5,6.5],"texture":"#0"},"down":{"uv":[7.5,9.5,6.75,10.25],"texture":"#0"}}},{"from":[-2.8,9,11.1],"to":[3.2,15,13.1],"faces":{"north":{"uv":[10.5,1.75,12,3.25],"texture":"#0"},"east":{"uv":[0,0,0.5,1.5],"texture":"#0"},"south":{"uv":[10.5,0.25,12,1.75],"texture":"#0"},"west":{"uv":[10.5,4.25,11,5.75],"texture":"#0"},"up":{"uv":[10.5,3.75,12,4.25],"texture":"#0"},"down":{"uv":[10.5,3.25,12,3.75],"texture":"#0"}}},{"from":[12.8,9,11.1],"to":[18.8,15,13.1],"rotation":{"angle":0,"axis":"y","origin":[16,0,0]},"faces":{"north":{"uv":[12,1.75,10.5,3.25],"texture":"#0"},"east":{"uv":[11,4.25,10.5,5.75],"texture":"#0"},"south":{"uv":[12,0.25,10.5,1.75],"texture":"#0"},"west":{"uv":[0.5,0,0,1.5],"texture":"#0"},"up":{"uv":[12,3.75,10.5,4.25],"texture":"#0"},"down":{"uv":[12,3.25,10.5,3.75],"texture":"#0"}}},{"from":[14.8,13,11.1],"to":[20.8,19,13.1],"rotation":{"angle":22.5,"axis":"z","origin":[16,0,0]},"faces":{"north":{"uv":[1.75,11.5,0.25,13],"texture":"#0"},"east":{"uv":[0.75,14,0.25,15.5],"texture":"#0"},"south":{"uv":[1.75,10,0.25,11.5],"texture":"#0"},"west":{"uv":[2.5,10.5,2,12],"texture":"#0"},"up":{"uv":[1.75,13.5,0.25,14],"texture":"#0"},"down":{"uv":[1.75,13,0.25,13.5],"texture":"#0"}}}]}