{"display":{"thirdperson_righthand":{"rotation":[0,180,0],"translation":[0,-0.75,-1.75],"scale":[0.5,0.5,0.5]},"thirdperson_lefthand":{"rotation":[0,180,0],"translation":[0,-0.75,-1.75],"scale":[0.5,0.5,0.5]},"firstperson_righthand":{"rotation":[0,-51,0],"translation":[-0.25,4,0],"scale":[0.5,0.5,0.5]},"firstperson_lefthand":{"rotation":[0,-51,0],"translation":[-0.25,4,0],"scale":[0.5,0.5,0.5]},"gui":{"rotation":[15,20,-5],"scale":[0.75,0.75,0.75]},"head":{"rotation":[0,180,0],"translation":[0,14.5,0]},"fixed":{"rotation":[-90,0,0],"translation":[0,0,-8]}},"texture_size":[64,64],"textures":{"1":"item/kuromi","particle":"item/kuromi"},"elements":[{"from":[4,0,4],"to":[12,8,12],"rotation":{"angle":0,"axis":"y","origin":[-0.5,2,2.5]},"faces":{"north":{"uv":[5,0,7,2],"texture":"#1"},"east":{"uv":[5,2,7,4],"texture":"#1"},"south":{"uv":[5,4,7,6],"texture":"#1"},"west":{"uv":[5,6,7,8],"texture":"#1"},"up":{"uv":[4.5,8.75,2.5,6.75],"texture":"#1"},"down":{"uv":[9,0,7,2],"texture":"#1"}}},{"from":[3,8,3],"to":[13,17,13],"faces":{"north":{"uv":[2.5,0,5,2.25],"texture":"#1"},"east":{"uv":[2.5,2.25,5,4.5],"texture":"#1"},"south":{"uv":[2.5,4.5,5,6.75],"texture":"#1"},"west":{"uv":[0,5,2.5,7.25],"texture":"#1"},"up":{"uv":[2.5,2.5,0,0],"texture":"#1"},"down":{"uv":[2.5,2.5,0,5],"texture":"#1"}}},{"from":[3.5,0,12],"to":[7.5,4,16],"faces":{"north":{"uv":[7.75,3.5,8.75,4.5],"texture":"#1"},"east":{"uv":[7.75,4.5,8.75,5.5],"texture":"#1"},"south":{"uv":[7.75,5.5,8.75,6.5],"texture":"#1"},"west":{"uv":[7.75,6.5,8.75,7.5],"texture":"#1"},"up":{"uv":[8.75,8.5,7.75,7.5],"texture":"#1"},"down":{"uv":[5.5,8,4.5,9],"texture":"#1"}}},{"from":[8.5,0,12],"to":[12.5,4,16],"rotation":{"angle":0,"axis":"y","origin":[16,0,0]},"faces":{"north":{"uv":[5.5,8,6.5,9],"texture":"#1"},"east":{"uv":[6.5,8,7.5,9],"texture":"#1"},"south":{"uv":[8.5,2,9.5,3],"texture":"#1"},"west":{"uv":[7.5,8.5,8.5,9.5],"texture":"#1"},"up":{"uv":[9.5,9.5,8.5,8.5],"texture":"#1"},"down":{"uv":[1,8.75,0,9.75],"texture":"#1"}}},{"from":[27.02061,12.95004,8],"to":[29.02061,19.95004,10],"rotation":{"angle":45,"axis":"z","origin":[14.02061,-11.84996,2]},"faces":{"north":{"uv":[1,8.75,1.5,10.5],"texture":"#1"},"east":{"uv":[1.5,8.75,2,10.5],"texture":"#1"},"south":{"uv":[2,8.75,2.5,10.5],"texture":"#1"},"west":{"uv":[2.5,8.75,3,10.5],"texture":"#1"},"up":{"uv":[5,7.25,4.5,6.75],"texture":"#1"},"down":{"uv":[5,7.25,4.5,7.75],"texture":"#1"}}},{"from":[-6.03984,-11.23833,7],"to":[-3.03984,-5.23833,10],"rotation":{"angle":-45,"axis":"z","origin":[14.96016,-10.73833,-1]},"faces":{"north":{"uv":[7,2,7.75,3.5],"texture":"#1"},"east":{"uv":[7,3.5,7.75,5],"texture":"#1"},"south":{"uv":[7,5,7.75,6.5],"texture":"#1"},"west":{"uv":[7,6.5,7.75,8],"texture":"#1"},"up":{"uv":[9.5,8.5,8.75,7.75],"texture":"#1"},"down":{"uv":[10,3,9.25,3.75],"texture":"#1"}}},{"from":[19.03984,-11.23833,7],"to":[22.03984,-5.23833,10],"rotation":{"angle":45,"axis":"z","origin":[1.03984,-10.73833,-1]},"faces":{"north":{"uv":[0,7.25,0.75,8.75],"texture":"#1"},"east":{"uv":[0.75,7.25,1.5,8.75],"texture":"#1"},"south":{"uv":[1.5,7.25,2.25,8.75],"texture":"#1"},"west":{"uv":[7.75,2,8.5,3.5],"texture":"#1"},"up":{"uv":[10,4.5,9.25,3.75],"texture":"#1"},"down":{"uv":[10,4.5,9.25,5.25],"texture":"#1"}}},{"from":[11.76453,21.99931,8.01],"to":[13.84453,27.97931,9.99],"rotation":{"angle":22.5,"axis":"z","origin":[26.75453,-3.81069,2]},"faces":{"north":{"uv":[8.75,4.75,9.25,6.25],"texture":"#1"},"east":{"uv":[8.75,6.25,9.25,7.75],"texture":"#1"},"south":{"uv":[9,0,9.5,1.5],"texture":"#1"},"west":{"uv":[4.5,9,5,10.5],"texture":"#1"},"up":{"uv":[9.5,2,9,1.5],"texture":"#1"},"down":{"uv":[7.5,9,7,9.5],"texture":"#1"}}},{"from":[2.15547,21.99931,8.01],"to":[4.23547,27.97931,9.99],"rotation":{"angle":-22.5,"axis":"z","origin":[-10.75453,-3.81069,2]},"faces":{"north":{"uv":[5,9,5.5,10.5],"texture":"#1"},"east":{"uv":[5.5,9,6,10.5],"texture":"#1"},"south":{"uv":[6,9,6.5,10.5],"texture":"#1"},"west":{"uv":[6.5,9,7,10.5],"texture":"#1"},"up":{"uv":[9.75,5.75,9.25,5.25],"texture":"#1"},"down":{"uv":[9.75,5.75,9.25,6.25],"texture":"#1"}}},{"from":[-13.02061,12.95004,8],"to":[-11.02061,19.95004,10],"rotation":{"angle":-45,"axis":"z","origin":[1.97939,-11.84996,2]},"faces":{"north":{"uv":[3,8.75,3.5,10.5],"texture":"#1"},"east":{"uv":[8.75,3,9.25,4.75],"texture":"#1"},"south":{"uv":[3.5,8.75,4,10.5],"texture":"#1"},"west":{"uv":[4,8.75,4.5,10.5],"texture":"#1"},"up":{"uv":[9.75,6.75,9.25,6.25],"texture":"#1"},"down":{"uv":[9.75,6.75,9.25,7.25],"texture":"#1"}}}]}