{"display":{"head":{"translation":[0,-7,0],"scale":[1.5,1.5,1.5]}},"texture_size":[64,64],"textures":{"0":"item/npc_texture"},"elements":[{"name":"head","from":[4,24,4],"to":[12,32,12],"rotation":{"angle":0,"axis":"y","origin":[8,0,8]},"faces":{"north":{"uv":[2,2,4,4],"texture":"#0"},"east":{"uv":[0,2,2,4],"texture":"#0"},"south":{"uv":[6,2,8,4],"texture":"#0"},"west":{"uv":[4,2,6,4],"texture":"#0"},"up":{"uv":[4,2,2,0],"texture":"#0"},"down":{"uv":[6,0,4,2],"texture":"#0"}}},{"from":[6,18,10],"to":[10,25,13],"rotation":{"angle":-22.5,"axis":"x","origin":[8,26,7]},"faces":{"north":{"uv":[12,11.5,13,13.25],"texture":"#0"},"east":{"uv":[11.25,11.5,12,13.25],"texture":"#0"},"south":{"uv":[13.75,11.5,14.75,13.25],"texture":"#0"},"west":{"uv":[13,11.5,13.75,13.25],"texture":"#0"},"up":{"uv":[13,11.5,12,10.75],"texture":"#0"},"down":{"uv":[14,10.75,13,11.5],"texture":"#0"}}},{"from":[5,21,11],"to":[8,26,13],"rotation":{"angle":-22.5,"axis":"z","origin":[8,26,7]},"faces":{"north":{"uv":[7,12,7.75,13.25],"texture":"#0"},"east":{"uv":[6.5,12,7,13.25],"texture":"#0"},"south":{"uv":[8.25,12,9,13.25],"texture":"#0"},"west":{"uv":[7.75,12,8.25,13.25],"texture":"#0"},"up":{"uv":[7.75,12,7,11.5],"texture":"#0"},"down":{"uv":[8.5,11.5,7.75,12],"texture":"#0"}}},{"from":[8,21,11],"to":[11,26,13],"rotation":{"angle":22.5,"axis":"z","origin":[8,26,7]},"faces":{"north":{"uv":[4.5,12,5.25,13.25],"texture":"#0"},"east":{"uv":[4,12,4.5,13.25],"texture":"#0"},"south":{"uv":[5.75,12,6.5,13.25],"texture":"#0"},"west":{"uv":[5.25,12,5.75,13.25],"texture":"#0"},"up":{"uv":[5.25,12,4.5,11.5],"texture":"#0"},"down":{"uv":[6,11.5,5.25,12],"texture":"#0"}}},{"name":"body","from":[4,12,6],"to":[12,24,10],"rotation":{"angle":0,"axis":"y","origin":[8,0,8]},"faces":{"north":{"uv":[1,5,3,8],"texture":"#0"},"east":{"uv":[0,5,1,8],"texture":"#0"},"south":{"uv":[4,5,6,8],"texture":"#0"},"west":{"uv":[3,5,4,8],"texture":"#0"},"up":{"uv":[3,5,1,4],"texture":"#0"},"down":{"uv":[5,4,3,5],"texture":"#0"}}},{"name":"left_arm","from":[12.1,15.76753,11.63844],"to":[16.1,19.76753,17.63844],"rotation":{"angle":0,"axis":"x","origin":[9,-2.23247,9.63844]},"faces":{"north":{"uv":[8,7.5,7,6.5],"rotation":180,"texture":"#0"},"east":{"uv":[6,7.5,7,9],"rotation":90,"texture":"#0"},"south":{"uv":[9,6.5,8,7.5],"texture":"#0"},"west":{"uv":[8,7.5,9,9],"rotation":270,"texture":"#0"},"up":{"uv":[9,7.5,10,9],"texture":"#0"},"down":{"uv":[7,7.5,8,9],"rotation":180,"texture":"#0"}}},{"name":"left_arm","from":[12.1,13,20],"to":[16.1,19,24],"rotation":{"angle":-45,"axis":"x","origin":[9,4,10]},"faces":{"north":{"uv":[7,5,8,6.5],"texture":"#0"},"east":{"uv":[6,5,7,6.5],"texture":"#0"},"south":{"uv":[9,5,10,6.5],"texture":"#0"},"west":{"uv":[8,5,9,6.5],"texture":"#0"},"up":{"uv":[8,5,7,4],"texture":"#0"},"down":{"uv":[9,4,8,5],"texture":"#0"}}},{"name":"right_arm","from":[-0.1,12,6],"to":[3.9,18,10],"rotation":{"angle":0,"axis":"y","origin":[8,0,8]},"faces":{"north":{"uv":[9,1,10,2.5],"texture":"#0"},"east":{"uv":[8,1,9,2.5],"texture":"#0"},"south":{"uv":[11,1,12,2.5],"texture":"#0"},"west":{"uv":[10,1,11,2.5],"texture":"#0"},"up":{"uv":[10,1,9,0],"texture":"#0"},"down":{"uv":[11,0,10,1],"texture":"#0"}}},{"name":"right_arm","from":[-0.1,18,6],"to":[3.9,24,10],"rotation":{"angle":0,"axis":"y","origin":[8,6,8]},"faces":{"north":{"uv":[1,9,2,10.5],"texture":"#0"},"east":{"uv":[0,9,1,10.5],"texture":"#0"},"south":{"uv":[3,9,4,10.5],"texture":"#0"},"west":{"uv":[2,9,3,10.5],"texture":"#0"},"up":{"uv":[2,9,1,8],"texture":"#0"},"down":{"uv":[3,8,2,9],"texture":"#0"}}},{"name":"left_leg","from":[4,6,6],"to":[8,12,10],"rotation":{"angle":0,"axis":"y","origin":[8,0,8]},"faces":{"north":{"uv":[12,8.5,13,10],"texture":"#0"},"east":{"uv":[11,8.5,12,10],"texture":"#0"},"south":{"uv":[14,8.5,15,10],"texture":"#0"},"west":{"uv":[13,8.5,14,10],"texture":"#0"},"up":{"uv":[13,8.5,12,7.5],"texture":"#0"},"down":{"uv":[14,7.5,13,8.5],"texture":"#0"}}},{"name":"left_leg","from":[4,0,6],"to":[8,6,10],"rotation":{"angle":0,"axis":"y","origin":[8,0,8]},"faces":{"north":{"uv":[1,11.5,2,13],"texture":"#0"},"east":{"uv":[0,11.5,1,13],"texture":"#0"},"south":{"uv":[3,11.5,4,13],"texture":"#0"},"west":{"uv":[2,11.5,3,13],"texture":"#0"},"up":{"uv":[2,11.5,1,10.5],"texture":"#0"},"down":{"uv":[3,10.5,2,11.5],"texture":"#0"}}},{"name":"right_leg","from":[8,6,6],"to":[12,12,10],"rotation":{"angle":0,"axis":"y","origin":[8,0,8]},"faces":{"north":{"uv":[5,10,6,11.5],"texture":"#0"},"east":{"uv":[4,10,5,11.5],"texture":"#0"},"south":{"uv":[7,10,8,11.5],"texture":"#0"},"west":{"uv":[6,10,7,11.5],"texture":"#0"},"up":{"uv":[6,10,5,9],"texture":"#0"},"down":{"uv":[7,9,6,10],"texture":"#0"}}},{"name":"right_leg","from":[8,0,6],"to":[12,6,10],"rotation":{"angle":0,"axis":"y","origin":[8,0,8]},"faces":{"north":{"uv":[10,3.5,11,5],"texture":"#0"},"east":{"uv":[9,3.5,10,5],"texture":"#0"},"south":{"uv":[12,3.5,13,5],"texture":"#0"},"west":{"uv":[11,3.5,12,5],"texture":"#0"},"up":{"uv":[11,3.5,10,2.5],"texture":"#0"},"down":{"uv":[12,2.5,11,3.5],"texture":"#0"}}},{"from":[3.5,29,11],"to":[7,30,13],"rotation":{"angle":0,"axis":"z","origin":[8,-1,8]},"faces":{"north":{"uv":[3.5,8.5,4.25,8.75],"texture":"#0"},"east":{"uv":[3,8.5,3.5,8.75],"texture":"#0"},"south":{"uv":[4.75,8.5,5.5,8.75],"texture":"#0"},"west":{"uv":[4.25,8.5,4.75,8.75],"texture":"#0"},"up":{"uv":[4.25,8.5,3.5,8],"texture":"#0"},"down":{"uv":[5,8,4.25,8.5],"texture":"#0"}}},{"from":[9,29.7,11],"to":[12.5,30.7,13],"rotation":{"angle":0,"axis":"z","origin":[8,-1,8]},"faces":{"north":{"uv":[6.5,0.5,7.25,0.75],"texture":"#0"},"east":{"uv":[6,0.5,6.5,0.75],"texture":"#0"},"south":{"uv":[7.75,0.5,8.5,0.75],"texture":"#0"},"west":{"uv":[7.25,0.5,7.75,0.75],"texture":"#0"},"up":{"uv":[7.25,0.5,6.5,0],"texture":"#0"},"down":{"uv":[8,0,7.25,0.5],"texture":"#0"}}},{"from":[8.99,26.59,11.69],"to":[11.01,27.61,12.71],"rotation":{"angle":0,"axis":"y","origin":[13,-10.4,12.7]},"faces":{"north":{"uv":[5.25,4.25,5.75,4.5],"texture":"#0"},"east":{"uv":[5,4.25,5.25,4.5],"texture":"#0"},"south":{"uv":[6,4.25,6.5,4.5],"texture":"#0"},"west":{"uv":[5.75,4.25,6,4.5],"texture":"#0"},"up":{"uv":[5.75,4.25,5.25,4],"texture":"#0"},"down":{"uv":[6.25,4,5.75,4.25],"texture":"#0"}}},{"from":[9.99,28.59,11.69],"to":[12.01,29.61,12.71],"rotation":{"angle":0,"axis":"y","origin":[14,-8.4,12.7]},"faces":{"north":{"uv":[0.25,0.75,0.75,1],"texture":"#0"},"east":{"uv":[0,0.75,0.25,1],"texture":"#0"},"south":{"uv":[1,0.75,1.5,1],"texture":"#0"},"west":{"uv":[0.75,0.75,1,1],"texture":"#0"},"up":{"uv":[0.75,0.75,0.25,0.5],"texture":"#0"},"down":{"uv":[1.25,0.5,0.75,0.75],"texture":"#0"}}},{"from":[10.99,26.57,11.69],"to":[12.01,28.59,12.71],"rotation":{"angle":0,"axis":"z","origin":[9.06584,29.13416,12.7]},"faces":{"north":{"uv":[0.25,1.75,0.5,2.25],"texture":"#0"},"east":{"uv":[0,1.75,0.25,2.25],"texture":"#0"},"south":{"uv":[0.75,1.75,1,2.25],"texture":"#0"},"west":{"uv":[0.5,1.75,0.75,2.25],"texture":"#0"},"up":{"uv":[0.5,1.75,0.25,1.5],"texture":"#0"},"down":{"uv":[0.75,1.5,0.5,1.75],"texture":"#0"}}},{"from":[8.97,27.59,11.69],"to":[9.99,29.61,12.71],"rotation":{"angle":0,"axis":"z","origin":[8.53975,27.58918,12.7]},"faces":{"north":{"uv":[0.25,0.25,0.5,0.75],"texture":"#0"},"east":{"uv":[0,0.25,0.25,0.75],"texture":"#0"},"south":{"uv":[0.75,0.25,1,0.75],"texture":"#0"},"west":{"uv":[0.5,0.25,0.75,0.75],"texture":"#0"},"up":{"uv":[0.5,0.25,0.25,0],"texture":"#0"},"down":{"uv":[0.75,0,0.5,0.25],"texture":"#0"}}},{"from":[3,26.9,14.7],"to":[13,28.9,24.7],"rotation":{"angle":-22.5,"axis":"x","origin":[8,0,8]},"faces":{"north":{"uv":[0,13.5,2.5,14],"texture":"#0"},"east":{"uv":[0,13,2.5,13.5],"texture":"#0"},"south":{"uv":[0,14,2.5,14.5],"texture":"#0"},"west":{"uv":[2.5,13.5,5,14],"texture":"#0"},"up":{"uv":[15.5,6,13,3.5],"texture":"#0"},"down":{"uv":[14.5,0,12,2.5],"texture":"#0"}}},{"from":[3.99,28.89,15.69],"to":[12.01,31.91,23.71],"rotation":{"angle":-22.5,"axis":"x","origin":[8,0,8]},"faces":{"north":{"uv":[11.25,14.75,13.25,15.5],"texture":"#0"},"east":{"uv":[9.25,14.75,11.25,15.5],"texture":"#0"},"south":{"uv":[11.25,13.25,13.25,14],"texture":"#0"},"west":{"uv":[11.25,14,13.25,14.75],"texture":"#0"},"up":{"uv":[15.25,15.25,13.25,13.25],"texture":"#0"},"down":{"uv":[15,4,13,6],"texture":"#0"}}},{"from":[14,-0.06568,17.44532],"to":[15,15.93432,18.44532],"rotation":{"angle":0,"axis":"y","origin":[6,-1.06568,7.44532]},"faces":{"north":{"uv":[15.75,11.25,16,15.25],"texture":"#0"},"east":{"uv":[15.5,7.25,15.75,11.25],"texture":"#0"},"south":{"uv":[15.5,11.25,15.75,15.25],"texture":"#0"},"west":{"uv":[15.75,1.5,16,5.5],"texture":"#0"},"up":{"uv":[15.75,7,15.5,6.75],"texture":"#0"},"down":{"uv":[15.75,7,15.5,7.25],"texture":"#0"}}},{"from":[13.98,13.31874,26.29593],"to":[15,16.33874,27.31593],"rotation":{"angle":-22.5,"axis":"x","origin":[5.99,-7.67126,16.30593]},"faces":{"north":{"uv":[15.75,5.75,16,6.5],"texture":"#0"},"east":{"uv":[15.75,6.5,16,7.25],"texture":"#0"},"south":{"uv":[15.5,5.25,15.75,6],"texture":"#0"},"west":{"uv":[15.5,6,15.75,6.75],"texture":"#0"},"up":{"uv":[16,5.75,15.75,5.5],"texture":"#0"},"down":{"uv":[15.75,5,15.5,5.25],"texture":"#0"}}}]}