{"parent":"item/generated","textures":{"layer0":"item/paper"},"overrides":[{"predicate":{"custom_model_data":3},"model":"block/anvil"},{"predicate":{"custom_model_data":4},"model":"item/box"},{"predicate":{"custom_model_data":5},"model":"item/kitty"},{"predicate":{"custom_model_data":6},"model":"item/kuromi"},{"predicate":{"custom_model_data":7},"model":"item/cinnamoroll"},{"predicate":{"custom_model_data":8},"model":"item/sword"},{"predicate":{"custom_model_data":9},"model":"item/kart_green"},{"predicate":{"custom_model_data":10},"model":"item/gui"},{"predicate":{"custom_model_data":20},"model":"item/npc_texture"},{"predicate":{"custom_model_data":21},"model":"item/npc_texture2"},{"predicate":{"custom_model_data":22},"model":"item/gui-track-forest"},{"predicate":{"custom_model_data":23},"model":"item/gui-track-monaco"},{"predicate":{"custom_model_data":24},"model":"item/kart_blue"},{"predicate":{"custom_model_data":25},"model":"item/kart_yellow"},{"predicate":{"custom_model_data":26},"model":"item/kart_orange"},{"predicate":{"custom_model_data":27},"model":"item/kart_pink"},{"predicate":{"custom_model_data":28},"model":"item/kart_red"},{"predicate":{"custom_model_data":29},"model":"item/kart_rainbow"},{"predicate":{"custom_model_data":30},"model":"item/arrow-back"},{"predicate":{"custom_model_data":31},"model":"item/settings"},{"predicate":{"custom_model_data":32},"model":"item/welcome"},{"predicate":{"custom_model_data":33},"model":"item/sit"},{"predicate":{"custom_model_data":10007},"model":"blank:auto_generated/blank"}]}