{"display":{"fixed":{"rotation":[90,0,180],"translation":[0,0,-80],"scale":[2,2,2]}},"texture_size":[128,128],"textures":{"0":"item/sit","particle":"item/sit"},"elements":[{"from":[-1,2,-16],"to":[19,10,32],"faces":{"north":{"uv":[10.625,0,13.125,1],"texture":"#0"},"east":{"uv":[2.5,6,8.5,7],"texture":"#0"},"south":{"uv":[10.625,1,13.125,2],"texture":"#0"},"west":{"uv":[2.5,7,8.5,8],"texture":"#0"},"up":{"uv":[2.5,12,0,6],"texture":"#0"},"down":{"uv":[8.5,0,6,6],"texture":"#0"}}},{"from":[-9,2,-16],"to":[-1,26,32],"rotation":{"angle":0,"axis":"z","origin":[-32,4,0]},"faces":{"north":{"uv":[10.25,8.125,11.25,11.125],"texture":"#0"},"east":{"uv":[0,0,6,3],"texture":"#0"},"south":{"uv":[9,10.25,10,13.25],"texture":"#0"},"west":{"uv":[0,3,6,6],"texture":"#0"},"up":{"uv":[3.5,14,2.5,8],"texture":"#0"},"down":{"uv":[4.5,8,3.5,14],"texture":"#0"}}},{"from":[-1,10,-16],"to":[18,17,-12],"faces":{"north":{"uv":[10,11.125,12.375,12],"texture":"#0"},"east":{"uv":[10.5,12,11,12.875],"texture":"#0"},"south":{"uv":[11.25,8.125,13.625,9],"texture":"#0"},"west":{"uv":[11,12,11.5,12.875],"texture":"#0"},"up":{"uv":[13.625,11,11.25,10.5],"texture":"#0"},"down":{"uv":[6.875,11.625,4.5,12.125],"texture":"#0"}}},{"from":[-1,10,28],"to":[18,17,32],"faces":{"north":{"uv":[10.625,3.75,13,4.625],"texture":"#0"},"east":{"uv":[2,12,2.5,12.875],"texture":"#0"},"south":{"uv":[10.625,4.625,13,5.5],"texture":"#0"},"west":{"uv":[10,12,10.5,12.875],"texture":"#0"},"up":{"uv":[13.625,10,11.25,9.5],"texture":"#0"},"down":{"uv":[13.625,10,11.25,10.5],"texture":"#0"}}},{"from":[15,-1,-14],"to":[17,2,-12],"faces":{"north":{"uv":[8.5,7.5,8.75,7.875],"texture":"#0"},"east":{"uv":[7.5,9.5,7.75,9.875],"texture":"#0"},"south":{"uv":[7.75,9.5,8,9.875],"texture":"#0"},"west":{"uv":[8,9.5,8.25,9.875],"texture":"#0"},"up":{"uv":[8.875,12.625,8.625,12.375],"texture":"#0"},"down":{"uv":[12.625,11,12.375,11.25],"texture":"#0"}}},{"from":[-7,-1,-14],"to":[-5,2,-12],"faces":{"north":{"uv":[8.25,9.5,8.5,9.875],"texture":"#0"},"east":{"uv":[8.5,9.5,8.75,9.875],"texture":"#0"},"south":{"uv":[7.5,9.875,7.75,10.25],"texture":"#0"},"west":{"uv":[7.75,9.875,8,10.25],"texture":"#0"},"up":{"uv":[12.625,11.5,12.375,11.25],"texture":"#0"},"down":{"uv":[12.625,11.5,12.375,11.75],"texture":"#0"}}},{"from":[15,-1,29],"to":[17,2,31],"faces":{"north":{"uv":[10,10.625,10.25,11],"texture":"#0"},"east":{"uv":[7.875,12.375,8.125,12.75],"texture":"#0"},"south":{"uv":[8.125,12.375,8.375,12.75],"texture":"#0"},"west":{"uv":[8.375,12.375,8.625,12.75],"texture":"#0"},"up":{"uv":[12,12.75,11.75,12.5],"texture":"#0"},"down":{"uv":[12.25,12.5,12,12.75],"texture":"#0"}}},{"from":[-7,-1,29],"to":[-5,2,31],"faces":{"north":{"uv":[8,9.875,8.25,10.25],"texture":"#0"},"east":{"uv":[8.25,9.875,8.5,10.25],"texture":"#0"},"south":{"uv":[8.5,9.875,8.75,10.25],"texture":"#0"},"west":{"uv":[10,10.25,10.25,10.625],"texture":"#0"},"up":{"uv":[12.625,12,12.375,11.75],"texture":"#0"},"down":{"uv":[11.75,12.5,11.5,12.75],"texture":"#0"}}},{"from":[1,9,15],"to":[18,11,27],"faces":{"north":{"uv":[11.75,6,13.875,6.25],"texture":"#0"},"east":{"uv":[11.75,7.5,13.25,7.75],"texture":"#0"},"south":{"uv":[11.75,6.25,13.875,6.5],"texture":"#0"},"west":{"uv":[11.75,7.75,13.25,8],"texture":"#0"},"up":{"uv":[6.625,9.5,4.5,8],"texture":"#0"},"down":{"uv":[8.75,8,6.625,9.5],"texture":"#0"}}},{"from":[-2,10,-11],"to":[0,27,1],"rotation":{"angle":0,"axis":"z","origin":[9,11,0]},"faces":{"north":{"uv":[0.5,12,0.75,14.125],"texture":"#0"},"east":{"uv":[10.25,6,11.75,8.125],"texture":"#0"},"south":{"uv":[0.75,12,1,14.125],"texture":"#0"},"west":{"uv":[7.5,10.25,9,12.375],"texture":"#0"},"up":{"uv":[7.625,13.875,7.375,12.375],"texture":"#0"},"down":{"uv":[7.875,12.375,7.625,13.875],"texture":"#0"}}},{"from":[-2,10,2],"to":[0,27,14],"rotation":{"angle":0,"axis":"z","origin":[9,11,0]},"faces":{"north":{"uv":[0,12,0.25,14.125],"texture":"#0"},"east":{"uv":[4.5,9.5,6,11.625],"texture":"#0"},"south":{"uv":[0.25,12,0.5,14.125],"texture":"#0"},"west":{"uv":[6,9.5,7.5,11.625],"texture":"#0"},"up":{"uv":[6.5,13.625,6.25,12.125],"texture":"#0"},"down":{"uv":[6.75,12.125,6.5,13.625],"texture":"#0"}}},{"from":[-2,10,15],"to":[0,27,27],"rotation":{"angle":0,"axis":"z","origin":[9,11,0]},"faces":{"north":{"uv":[6.875,11.625,7.125,13.75],"texture":"#0"},"east":{"uv":[8.75,6,10.25,8.125],"texture":"#0"},"south":{"uv":[7.125,11.625,7.375,13.75],"texture":"#0"},"west":{"uv":[8.75,8.125,10.25,10.25],"texture":"#0"},"up":{"uv":[8.75,7.5,8.5,6],"texture":"#0"},"down":{"uv":[6.25,12.125,6,13.625],"texture":"#0"}}},{"from":[1,9,2],"to":[18,11,14],"faces":{"north":{"uv":[11.75,6.5,13.875,6.75],"texture":"#0"},"east":{"uv":[11.5,12,13,12.25],"texture":"#0"},"south":{"uv":[11.75,6.75,13.875,7],"texture":"#0"},"west":{"uv":[4.5,12.125,6,12.375],"texture":"#0"},"up":{"uv":[10.625,1.5,8.5,0],"texture":"#0"},"down":{"uv":[10.625,1.5,8.5,3],"texture":"#0"}}},{"from":[1,9,-11],"to":[18,11,1],"faces":{"north":{"uv":[11.75,7,13.875,7.25],"texture":"#0"},"east":{"uv":[11.5,12.25,13,12.5],"texture":"#0"},"south":{"uv":[11.75,7.25,13.875,7.5],"texture":"#0"},"west":{"uv":[4.5,12.375,6,12.625],"texture":"#0"},"up":{"uv":[10.625,4.5,8.5,3],"texture":"#0"},"down":{"uv":[10.625,4.5,8.5,6],"texture":"#0"}}}]}