{"display":{"thirdperson_righthand":{"rotation":[0,90,0],"translation":[0,80,0],"scale":[4,4,4]},"firstperson_righthand":{"rotation":[-36,90,0],"translation":[21.25,19,-38.5],"scale":[2,2,2]}},"texture_size":[64,64],"textures":{"0":"item/color","particle":"item/color"},"elements":[{"from":[2,-9,7],"to":[14,-7,9],"faces":{"north":{"uv":[5.5,5,8.5,5.5],"texture":"#0"},"east":{"uv":[7,4,7.5,4.5],"texture":"#0"},"south":{"uv":[5.5,5.5,8.5,6],"texture":"#0"},"west":{"uv":[7,4.5,7.5,5],"texture":"#0"},"up":{"uv":[8.5,6.5,5.5,6],"texture":"#0"},"down":{"uv":[8.5,6.5,5.5,7],"texture":"#0"}}},{"from":[7.5,-12.7,7.5],"to":[8.5,-9,8.5],"faces":{"north":{"uv":[6.5,7,6.75,7.9375],"texture":"#0"},"east":{"uv":[6.75,7,7,7.9375],"texture":"#0"},"south":{"uv":[7,7,7.25,7.9375],"texture":"#0"},"west":{"uv":[7.25,0,7.5,0.9375],"texture":"#0"},"up":{"uv":[7.5,1.25,7.25,1],"texture":"#0"},"down":{"uv":[7.5,1.25,7.25,1.5],"texture":"#0"}}},{"from":[3,-7,7.5],"to":[13,27,8.5],"faces":{"north":{"uv":[0,0,2.5,8.5],"texture":"#0"},"east":{"uv":[5,0,5.25,8.5],"texture":"#0"},"south":{"uv":[2.5,0,5,8.5],"texture":"#0"},"west":{"uv":[5.25,0,5.5,8.5],"texture":"#0"},"up":{"uv":[9.5,2.75,7,2.5],"texture":"#0"},"down":{"uv":[9.5,2.75,7,3],"texture":"#0"}}},{"from":[3,27,7.5],"to":[8.5,31.5,8.5],"faces":{"north":{"uv":[5.5,2.5,6.875,3.625],"texture":"#0"},"east":{"uv":[5.5,7,5.75,8.125],"texture":"#0"},"south":{"uv":[5.5,3.75,6.875,4.875],"texture":"#0"},"west":{"uv":[5.75,7,6,8.125],"texture":"#0"},"up":{"uv":[8.375,3.75,7,3.5],"texture":"#0"},"down":{"uv":[8.375,3.75,7,4],"texture":"#0"}}},{"from":[-13.42629,21.82066,7.51],"to":[-7.08233,26.09355,8.49],"rotation":{"angle":-45,"axis":"z","origin":[4.04594,2.32233,4]},"faces":{"north":{"uv":[5.5,0,7.0625,1.0625],"texture":"#0"},"east":{"uv":[6,7,6.25,8.0625],"texture":"#0"},"south":{"uv":[5.5,1.25,7.0625,2.3125],"texture":"#0"},"west":{"uv":[6.25,7,6.5,8.0625],"texture":"#0"},"up":{"uv":[8.5625,3.25,7,3],"texture":"#0"},"down":{"uv":[8.5625,3.25,7,3.5],"texture":"#0"}}}]}