{"display":{"fixed":{"rotation":[-22,0,0],"translation":[0,0.75,0],"scale":[4,4,4]}},"texture_size":[128,128],"textures":{"0":"assets/welcome-banner","particle":"assets/welcome-banner"},"elements":[{"from":[-16,0,1],"to":[32,11,1],"faces":{"north":{"uv":[0.8125,0.0625,10.0625,1.9375],"texture":"#0"},"east":{"uv":[0,0.5,0.25,1.875],"texture":"#0"},"south":{"uv":[9.375,5.125,10.0625,3.8125],"texture":"#0"},"west":{"uv":[8.8125,6.6875,3.75,5.375],"texture":"#0"},"up":{"uv":[9.8125,7.625,3.8125,5.875],"texture":"#0"},"down":{"uv":[10.6875,7.8125,10,5.375],"texture":"#0"}}}]}