{"credit":"Made with Blockbench","parent":"custom/vehicles/racecar_red","texture_size":[128,128],"textures":{"voxels_atlas":"custom/cars/racecar_red"},"elements":[{"from":[5,8,9],"to":[11,14,9],"rotation":{"angle":-22.5,"axis":"x","origin":[16,0,0]},"faces":{"north":{"uv":[12,0,12.75,0.75],"texture":"#voxels_atlas"},"east":{"uv":[0,0,0,0.75],"texture":"#voxels_atlas"},"south":{"uv":[12,0,12.75,0.75],"texture":"#voxels_atlas"},"west":{"uv":[0.75,0,0.75,0.75],"texture":"#voxels_atlas"},"up":{"uv":[0.75,0,0,0],"texture":"#voxels_atlas"},"down":{"uv":[1.5,0,0.75,0],"texture":"#voxels_atlas"}}},{"from":[17,4,22],"to":[17,10,28],"rotation":{"angle":0,"axis":"y","origin":[15,1,1]},"faces":{"north":{"uv":[0,0,0,0.75],"texture":"#voxels_atlas"},"east":{"uv":[9,3.875,9.75,4.625],"texture":"#voxels_atlas"},"south":{"uv":[0,0,0,0.75],"texture":"#voxels_atlas"},"west":{"uv":[9,8.125,9.75,8.875],"texture":"#voxels_atlas"},"up":{"uv":[0,0.75,0,0],"texture":"#voxels_atlas"},"down":{"uv":[0,0,0,0.75],"texture":"#voxels_atlas"}}},{"from":[16,0,22],"to":[20,4,32],"rotation":{"angle":0,"axis":"y","origin":[16,0,0]},"faces":{"north":{"uv":[0,10.75,0.5,11.25],"texture":"#voxels_atlas"},"east":{"uv":[7.625,6.125,8.875,6.625],"texture":"#voxels_atlas"},"south":{"uv":[10.75,0.875,11.25,1.375],"texture":"#voxels_atlas"},"west":{"uv":[7.625,6.625,8.875,7.125],"texture":"#voxels_atlas"},"up":{"uv":[1.625,9,1.125,7.75],"texture":"#voxels_atlas"},"down":{"uv":[2.125,7.75,1.625,9],"texture":"#voxels_atlas"}}},{"from":[16,4,28],"to":[20,14,32],"rotation":{"angle":0,"axis":"x","origin":[16,-18,28]},"faces":{"north":{"uv":[2.125,7.75,2.625,9],"texture":"#voxels_atlas"},"east":{"uv":[2.625,7.75,3.125,9],"texture":"#voxels_atlas"},"south":{"uv":[3.125,7.75,3.625,9],"texture":"#voxels_atlas"},"west":{"uv":[7,7.75,7.5,9],"texture":"#voxels_atlas"},"up":{"uv":[11.25,1.875,10.75,1.375],"texture":"#voxels_atlas"},"down":{"uv":[6.75,10.75,6.25,11.25],"texture":"#voxels_atlas"}}},{"from":[16,0,18],"to":[20,10,22],"rotation":{"angle":0,"axis":"y","origin":[16,-22,18]},"faces":{"north":{"uv":[5.875,7.875,6.375,9.125],"texture":"#voxels_atlas"},"east":{"uv":[8,0,8.5,1.25],"texture":"#voxels_atlas"},"south":{"uv":[6.375,8,6.875,9.25],"texture":"#voxels_atlas"},"west":{"uv":[8.25,2.625,8.75,3.875],"texture":"#voxels_atlas"},"up":{"uv":[11.375,4.125,10.875,3.625],"texture":"#voxels_atlas"},"down":{"uv":[11.375,5.375,10.875,5.875],"texture":"#voxels_atlas"}}},{"from":[16,10,18],"to":[20,14,28],"rotation":{"angle":0,"axis":"x","origin":[36,15.53553,19.63604]},"faces":{"north":{"uv":[6.75,10.75,7.25,11.25],"texture":"#voxels_atlas"},"east":{"uv":[7.5,7.75,8.75,8.25],"texture":"#voxels_atlas"},"south":{"uv":[3.125,10.875,3.625,11.375],"texture":"#voxels_atlas"},"west":{"uv":[3.625,7.875,4.875,8.375],"texture":"#voxels_atlas"},"up":{"uv":[5.375,9.125,4.875,7.875],"texture":"#voxels_atlas"},"down":{"uv":[5.875,7.875,5.375,9.125],"texture":"#voxels_atlas"}}},{"from":[16,0,-3],"to":[20,2,4],"rotation":{"angle":0,"axis":"y","origin":[16,0,0]},"faces":{"north":{"uv":[9.25,3.625,9.75,3.875],"texture":"#voxels_atlas"},"east":{"uv":[7.875,5.75,8.75,6],"texture":"#voxels_atlas"},"south":{"uv":[11.125,4.375,11.625,4.625],"texture":"#voxels_atlas"},"west":{"uv":[10.75,0.25,11.625,0.5],"texture":"#voxels_atlas"},"up":{"uv":[1.5,10.375,1,9.5],"texture":"#voxels_atlas"},"down":{"uv":[2,9.5,1.5,10.375],"texture":"#voxels_atlas"}}},{"from":[16,2,2],"to":[20,9,4],"rotation":{"angle":0,"axis":"y","origin":[16,2,7]},"faces":{"north":{"uv":[9.75,3.625,10.25,4.5],"texture":"#voxels_atlas"},"east":{"uv":[8.5,11,8.75,11.875],"texture":"#voxels_atlas"},"south":{"uv":[5.375,9.75,5.875,10.625],"texture":"#voxels_atlas"},"west":{"uv":[9.375,11,9.625,11.875],"texture":"#voxels_atlas"},"up":{"uv":[0.5,11.5,0,11.25],"texture":"#voxels_atlas"},"down":{"uv":[11.75,0.875,11.25,1.125],"texture":"#voxels_atlas"}}},{"from":[16,7,-5],"to":[20,9,2],"rotation":{"angle":0,"axis":"y","origin":[16,7,-2]},"faces":{"north":{"uv":[11.25,1.125,11.75,1.375],"texture":"#voxels_atlas"},"east":{"uv":[11,8.875,11.875,9.125],"texture":"#voxels_atlas"},"south":{"uv":[11.25,1.375,11.75,1.625],"texture":"#voxels_atlas"},"west":{"uv":[11,9.125,11.875,9.375],"texture":"#voxels_atlas"},"up":{"uv":[10.25,9,9.75,8.125],"texture":"#voxels_atlas"},"down":{"uv":[0.5,9.875,0,10.75],"texture":"#voxels_atlas"}}},{"from":[16,0,-5],"to":[20,7,-3],"rotation":{"angle":0,"axis":"y","origin":[16,0,0]},"faces":{"north":{"uv":[9.875,1.875,10.375,2.75],"texture":"#voxels_atlas"},"east":{"uv":[9.625,11,9.875,11.875],"texture":"#voxels_atlas"},"south":{"uv":[9.875,2.75,10.375,3.625],"texture":"#voxels_atlas"},"west":{"uv":[2.25,11.125,2.5,12],"texture":"#voxels_atlas"},"up":{"uv":[11.75,1.875,11.25,1.625],"texture":"#voxels_atlas"},"down":{"uv":[11.75,4.875,11.25,5.125],"texture":"#voxels_atlas"}}},{"from":[0,1,-6],"to":[16,6,28],"faces":{"north":{"uv":[6,1.75,8,2.375],"texture":"#voxels_atlas"},"east":{"uv":[4,2.75,8.25,3.375],"texture":"#voxels_atlas"},"south":{"uv":[0,6.125,2,6.75],"texture":"#voxels_atlas"},"west":{"uv":[4,3.375,8.25,4],"texture":"#voxels_atlas"},"up":{"uv":[2,4.25,0,0],"texture":"#voxels_atlas"},"down":{"uv":[4,0,2,4.25],"texture":"#voxels_atlas"}}},{"from":[0,6,5],"to":[2,10,15],"faces":{"north":{"uv":[2.5,11.125,2.75,11.625],"texture":"#voxels_atlas"},"east":{"uv":[7,7.25,8.25,7.75],"texture":"#voxels_atlas"},"south":{"uv":[8.75,11.125,9,11.625],"texture":"#voxels_atlas"},"west":{"uv":[3.625,7.375,4.875,7.875],"texture":"#voxels_atlas"},"up":{"uv":[1,11.75,0.75,10.5],"texture":"#voxels_atlas"},"down":{"uv":[3.125,10.5,2.875,11.75],"texture":"#voxels_atlas"}}},{"from":[14,6,5],"to":[16,10,15],"rotation":{"angle":0,"axis":"y","origin":[16,0,0]},"faces":{"north":{"uv":[4.625,8.375,4.875,8.875],"texture":"#voxels_atlas"},"east":{"uv":[1.125,7.25,2.375,7.75],"texture":"#voxels_atlas"},"south":{"uv":[4.25,10.5,4.5,11],"texture":"#voxels_atlas"},"west":{"uv":[2.375,7.25,3.625,7.75],"texture":"#voxels_atlas"},"up":{"uv":[4,5.5,3.75,4.25],"texture":"#voxels_atlas"},"down":{"uv":[0.75,10.5,0.5,11.75],"texture":"#voxels_atlas"}}},{"from":[16,1,5],"to":[19,3,17],"rotation":{"angle":0,"axis":"y","origin":[16,0,0]},"faces":{"north":{"uv":[3.375,6.75,3.75,7],"texture":"#voxels_atlas"},"east":{"uv":[0.5,6.75,2,7],"texture":"#voxels_atlas"},"south":{"uv":[6.875,10.5,7.25,10.75],"texture":"#voxels_atlas"},"west":{"uv":[10.125,0.625,11.625,0.875],"texture":"#voxels_atlas"},"up":{"uv":[2.625,10.5,2.25,9],"texture":"#voxels_atlas"},"down":{"uv":[3,9,2.625,10.5],"texture":"#voxels_atlas"}}},{"from":[-5,1,-11],"to":[21,3,-6],"rotation":{"angle":0,"axis":"y","origin":[16,6,-9]},"faces":{"north":{"uv":[6,2.375,9.25,2.625],"texture":"#voxels_atlas"},"east":{"uv":[3.625,11.125,4.25,11.375],"texture":"#voxels_atlas"},"south":{"uv":[0.5,7,3.75,7.25],"texture":"#voxels_atlas"},"west":{"uv":[11.125,4.125,11.75,4.375],"texture":"#voxels_atlas"},"up":{"uv":[8.5,4.625,5.25,4],"texture":"#voxels_atlas"},"down":{"uv":[8.5,4.625,5.25,5.25],"texture":"#voxels_atlas"}}},{"from":[-1,2,-3],"to":[-1,7,2],"faces":{"north":{"uv":[0,0,0,0.625],"texture":"#voxels_atlas"},"east":{"uv":[6.25,10.125,6.875,10.75],"texture":"#voxels_atlas"},"south":{"uv":[0,0,0,0.625],"texture":"#voxels_atlas"},"west":{"uv":[10.25,3.625,10.875,4.25],"texture":"#voxels_atlas"},"up":{"uv":[0,0.625,0,0],"texture":"#voxels_atlas"},"down":{"uv":[0,0,0,0.625],"texture":"#voxels_atlas"}}},{"from":[17,2,-3],"to":[17,7,2],"faces":{"north":{"uv":[0,0,0,0.625],"texture":"#voxels_atlas"},"east":{"uv":[6.25,10.125,6.875,10.75],"texture":"#voxels_atlas"},"south":{"uv":[0,0,0,0.625],"texture":"#voxels_atlas"},"west":{"uv":[10.25,3.625,10.875,4.25],"texture":"#voxels_atlas"},"up":{"uv":[0,0.625,0,0],"texture":"#voxels_atlas"},"down":{"uv":[0,0,0,0.625],"texture":"#voxels_atlas"}}},{"from":[-4,0,-3],"to":[0,2,4],"faces":{"north":{"uv":[11.125,4.625,11.625,4.875],"texture":"#voxels_atlas"},"east":{"uv":[10.875,6.375,11.75,6.625],"texture":"#voxels_atlas"},"south":{"uv":[11.125,9.875,11.625,10.125],"texture":"#voxels_atlas"},"west":{"uv":[11,2.875,11.875,3.125],"texture":"#voxels_atlas"},"up":{"uv":[8,10.375,7.5,9.5],"texture":"#voxels_atlas"},"down":{"uv":[8.5,9.5,8,10.375],"texture":"#voxels_atlas"}}},{"from":[-4,2,2],"to":[0,9,4],"rotation":{"angle":0,"axis":"y","origin":[0,2,7]},"faces":{"north":{"uv":[8.5,9.5,9,10.375],"texture":"#voxels_atlas"},"east":{"uv":[5,5.875,5.25,6.75],"texture":"#voxels_atlas"},"south":{"uv":[0.5,9.625,1,10.5],"texture":"#voxels_atlas"},"west":{"uv":[6.25,6.75,6.5,7.625],"texture":"#voxels_atlas"},"up":{"uv":[11.625,10.375,11.125,10.125],"texture":"#voxels_atlas"},"down":{"uv":[11.625,10.375,11.125,10.625],"texture":"#voxels_atlas"}}},{"from":[-4,0,-5],"to":[0,7,-3],"faces":{"north":{"uv":[9,9.625,9.5,10.5],"texture":"#voxels_atlas"},"east":{"uv":[2,9.5,2.25,10.375],"texture":"#voxels_atlas"},"south":{"uv":[9.5,9.625,10,10.5],"texture":"#voxels_atlas"},"west":{"uv":[2,11,2.25,11.875],"texture":"#voxels_atlas"},"up":{"uv":[11.625,11.125,11.125,10.875],"texture":"#voxels_atlas"},"down":{"uv":[11.5,11.125,11,11.375],"texture":"#voxels_atlas"}}},{"from":[-4,7,-5],"to":[0,9,2],"rotation":{"angle":0,"axis":"y","origin":[0,7,-2]},"faces":{"north":{"uv":[10.5,11.125,11,11.375],"texture":"#voxels_atlas"},"east":{"uv":[11,7.875,11.875,8.125],"texture":"#voxels_atlas"},"south":{"uv":[11.125,10.625,11.625,10.875],"texture":"#voxels_atlas"},"west":{"uv":[11,8.625,11.875,8.875],"texture":"#voxels_atlas"},"up":{"uv":[4.125,10.5,3.625,9.625],"texture":"#voxels_atlas"},"down":{"uv":[4.625,9.625,4.125,10.5],"texture":"#voxels_atlas"}}},{"from":[-1,4,22],"to":[-1,10,28],"rotation":{"angle":0,"axis":"y","origin":[1,1,1]},"faces":{"north":{"uv":[0,0,0,0.75],"texture":"#voxels_atlas"},"east":{"uv":[9,8.875,9.75,9.625],"texture":"#voxels_atlas"},"south":{"uv":[0,0,0,0.75],"texture":"#voxels_atlas"},"west":{"uv":[4.625,9.125,5.375,9.875],"texture":"#voxels_atlas"},"up":{"uv":[0,0.75,0,0],"texture":"#voxels_atlas"},"down":{"uv":[0,0,0,0.75],"texture":"#voxels_atlas"}}},{"from":[-4,4,28],"to":[0,14,32],"rotation":{"angle":0,"axis":"x","origin":[0,-18,28]},"faces":{"north":{"uv":[7.5,8.25,8,9.5],"texture":"#voxels_atlas"},"east":{"uv":[8,8.25,8.5,9.5],"texture":"#voxels_atlas"},"south":{"uv":[0.5,8.375,1,9.625],"texture":"#voxels_atlas"},"west":{"uv":[3.625,8.375,4.125,9.625],"texture":"#voxels_atlas"},"up":{"uv":[11.375,6.375,10.875,5.875],"texture":"#voxels_atlas"},"down":{"uv":[11.375,8.125,10.875,8.625],"texture":"#voxels_atlas"}}},{"from":[-4,10,18],"to":[0,14,28],"rotation":{"angle":0,"axis":"x","origin":[-20,15.53553,19.63604]},"faces":{"north":{"uv":[10,10.875,10.5,11.375],"texture":"#voxels_atlas"},"east":{"uv":[7.875,5.25,9.125,5.75],"texture":"#voxels_atlas"},"south":{"uv":[1,11,1.5,11.5],"texture":"#voxels_atlas"},"west":{"uv":[8,1.25,9.25,1.75],"texture":"#voxels_atlas"},"up":{"uv":[4.625,9.625,4.125,8.375],"texture":"#voxels_atlas"},"down":{"uv":[9,0,8.5,1.25],"texture":"#voxels_atlas"}}},{"from":[-4,0,18],"to":[0,10,22],"rotation":{"angle":0,"axis":"y","origin":[0,-22,18]},"faces":{"north":{"uv":[8.5,3.875,9,5.125],"texture":"#voxels_atlas"},"east":{"uv":[8.5,8.25,9,9.5],"texture":"#voxels_atlas"},"south":{"uv":[0,8.625,0.5,9.875],"texture":"#voxels_atlas"},"west":{"uv":[8.75,2.625,9.25,3.875],"texture":"#voxels_atlas"},"up":{"uv":[2,11.5,1.5,11],"texture":"#voxels_atlas"},"down":{"uv":[11.5,1.875,11,2.375],"texture":"#voxels_atlas"}}},{"from":[-4,0,22],"to":[0,4,32],"faces":{"north":{"uv":[11,2.375,11.5,2.875],"texture":"#voxels_atlas"},"east":{"uv":[8,1.75,9.25,2.25],"texture":"#voxels_atlas"},"south":{"uv":[4.25,11,4.75,11.5],"texture":"#voxels_atlas"},"west":{"uv":[8.25,7.125,9.5,7.625],"texture":"#voxels_atlas"},"up":{"uv":[9.375,7,8.875,5.75],"texture":"#voxels_atlas"},"down":{"uv":[9.5,0,9,1.25],"texture":"#voxels_atlas"}}},{"from":[-3,1,5],"to":[0,3,17],"faces":{"north":{"uv":[9,11.125,9.375,11.375],"texture":"#voxels_atlas"},"east":{"uv":[10.375,3.125,11.875,3.375],"texture":"#voxels_atlas"},"south":{"uv":[11.25,5.125,11.625,5.375],"texture":"#voxels_atlas"},"west":{"uv":[10.375,3.375,11.875,3.625],"texture":"#voxels_atlas"},"up":{"uv":[3.375,10.5,3,9],"texture":"#voxels_atlas"},"down":{"uv":[7.25,9,6.875,10.5],"texture":"#voxels_atlas"}}},{"from":[3,10.53553,-9],"to":[13,25.53553,-5],"rotation":{"angle":45,"axis":"x","origin":[1,6.53553,-17.36396]},"faces":{"north":{"uv":[4,4,5.25,5.875],"texture":"#voxels_atlas"},"east":{"uv":[6.5,6.125,7,8],"texture":"#voxels_atlas"},"south":{"uv":[0,4.25,1.25,6.125],"texture":"#voxels_atlas"},"west":{"uv":[0,6.75,0.5,8.625],"texture":"#voxels_atlas"},"up":{"uv":[10,8.125,8.75,7.625],"texture":"#voxels_atlas"},"down":{"uv":[2.25,9,1,9.5],"texture":"#voxels_atlas"}}},{"from":[12,10.53553,-10],"to":[15,19.53553,-5],"rotation":{"angle":45,"axis":"x","origin":[1,6.53553,-17.36396]},"faces":{"north":{"uv":[5.875,9.75,6.25,10.875],"texture":"#voxels_atlas"},"east":{"uv":[5,6.75,5.625,7.875],"texture":"#voxels_atlas"},"south":{"uv":[4.625,9.875,5,11],"texture":"#voxels_atlas"},"west":{"uv":[5.625,6.75,6.25,7.875],"texture":"#voxels_atlas"},"up":{"uv":[3.75,6.75,3.375,6.125],"texture":"#voxels_atlas"},"down":{"uv":[6.25,10.875,5.875,11.5],"texture":"#voxels_atlas"}}},{"from":[1,10.53553,-10],"to":[4,19.53553,-5],"rotation":{"angle":45,"axis":"x","origin":[15,6.53553,-17.36396]},"faces":{"north":{"uv":[5,9.875,5.375,11],"texture":"#voxels_atlas"},"east":{"uv":[7,6.125,7.625,7.25],"texture":"#voxels_atlas"},"south":{"uv":[10,7,10.375,8.125],"texture":"#voxels_atlas"},"west":{"uv":[0.5,7.25,1.125,8.375],"texture":"#voxels_atlas"},"up":{"uv":[8.125,11.625,7.75,11],"texture":"#voxels_atlas"},"down":{"uv":[8.5,11,8.125,11.625],"texture":"#voxels_atlas"}}},{"from":[11,10.89246,24.65076],"to":[16,15.89246,31.65076],"rotation":{"angle":-22.5,"axis":"x","origin":[16,15.89246,14.65076]},"faces":{"north":{"uv":[10.25,5.375,10.875,6],"texture":"#voxels_atlas"},"east":{"uv":[5.375,9.125,6.25,9.75],"texture":"#voxels_atlas"},"south":{"uv":[10.25,6,10.875,6.625],"texture":"#voxels_atlas"},"west":{"uv":[9.25,1.25,10.125,1.875],"texture":"#voxels_atlas"},"up":{"uv":[9.875,2.75,9.25,1.875],"texture":"#voxels_atlas"},"down":{"uv":[9.875,2.75,9.25,3.625],"texture":"#voxels_atlas"}}},{"from":[11.5,11.24442,19.29336],"to":[15.5,15.24442,24.29336],"rotation":{"angle":-45,"axis":"x","origin":[16,17.24442,19.29336]},"faces":{"north":{"uv":[4.75,11,5.25,11.5],"texture":"#voxels_atlas"},"east":{"uv":[10.375,7.625,11,8.125],"texture":"#voxels_atlas"},"south":{"uv":[11,6.875,11.5,7.375],"texture":"#voxels_atlas"},"west":{"uv":[9.375,10.5,10,11],"texture":"#voxels_atlas"},"up":{"uv":[10,7.625,9.5,7],"texture":"#voxels_atlas"},"down":{"uv":[5.875,10.625,5.375,11.25],"texture":"#voxels_atlas"}}},{"from":[11.02,10.76442,14.31336],"to":[15.98,15.72442,19.27336],"rotation":{"angle":-45,"axis":"x","origin":[16,17.24442,19.29336]},"faces":{"north":{"uv":[8.125,10.375,8.75,11],"texture":"#voxels_atlas"},"east":{"uv":[10.375,8.75,11,9.375],"texture":"#voxels_atlas"},"south":{"uv":[2.25,10.5,2.875,11.125],"texture":"#voxels_atlas"},"west":{"uv":[3.625,10.5,4.25,11.125],"texture":"#voxels_atlas"},"up":{"uv":[11.125,4.875,10.5,4.25],"texture":"#voxels_atlas"},"down":{"uv":[9.375,10.5,8.75,11.125],"texture":"#voxels_atlas"}}},{"from":[0,10.89246,24.65076],"to":[5,15.89246,31.65076],"rotation":{"angle":-22.5,"axis":"x","origin":[0,15.89246,14.65076]},"faces":{"north":{"uv":[10.25,8.125,10.875,8.75],"texture":"#voxels_atlas"},"east":{"uv":[9.375,5.375,10.25,6],"texture":"#voxels_atlas"},"south":{"uv":[10,10.25,10.625,10.875],"texture":"#voxels_atlas"},"west":{"uv":[9.375,6,10.25,6.625],"texture":"#voxels_atlas"},"up":{"uv":[6.875,10.125,6.25,9.25],"texture":"#voxels_atlas"},"down":{"uv":[10.125,0,9.5,0.875],"texture":"#voxels_atlas"}}},{"from":[0.02,10.76442,14.31336],"to":[4.98,15.72442,19.27336],"rotation":{"angle":-45,"axis":"x","origin":[0,17.24442,19.29336]},"faces":{"north":{"uv":[1,10.375,1.625,11],"texture":"#voxels_atlas"},"east":{"uv":[1.625,10.375,2.25,11],"texture":"#voxels_atlas"},"south":{"uv":[10.375,1.875,11,2.5],"texture":"#voxels_atlas"},"west":{"uv":[10.375,2.5,11,3.125],"texture":"#voxels_atlas"},"up":{"uv":[11,7.625,10.375,7],"texture":"#voxels_atlas"},"down":{"uv":[8.125,10.375,7.5,11],"texture":"#voxels_atlas"}}},{"from":[0.5,11.24442,19.29336],"to":[4.5,15.24442,24.29336],"rotation":{"angle":-45,"axis":"x","origin":[0,17.24442,19.29336]},"faces":{"north":{"uv":[7.25,11,7.75,11.5],"texture":"#voxels_atlas"},"east":{"uv":[10.625,4.875,11.25,5.375],"texture":"#voxels_atlas"},"south":{"uv":[11,7.375,11.5,7.875],"texture":"#voxels_atlas"},"west":{"uv":[10.625,9.375,11.25,9.875],"texture":"#voxels_atlas"},"up":{"uv":[11.125,10.5,10.625,9.875],"texture":"#voxels_atlas"},"down":{"uv":[11.125,10.5,10.625,11.125],"texture":"#voxels_atlas"}}},{"from":[0,6,16],"to":[16,13,27],"rotation":{"angle":0,"axis":"y","origin":[16,0,0]},"faces":{"north":{"uv":[6,0,8,0.875],"texture":"#voxels_atlas"},"east":{"uv":[2,6.125,3.375,7],"texture":"#voxels_atlas"},"south":{"uv":[6,0.875,8,1.75],"texture":"#voxels_atlas"},"west":{"uv":[6.5,5.25,7.875,6.125],"texture":"#voxels_atlas"},"up":{"uv":[6,1.375,4,0],"texture":"#voxels_atlas"},"down":{"uv":[6,1.375,4,2.75],"texture":"#voxels_atlas"}}},{"from":[3,6,14],"to":[13,21,16],"faces":{"north":{"uv":[1.25,4.25,2.5,6.125],"texture":"#voxels_atlas"},"east":{"uv":[3.375,9,3.625,10.875],"texture":"#voxels_atlas"},"south":{"uv":[2.5,4.25,3.75,6.125],"texture":"#voxels_atlas"},"west":{"uv":[7.25,9,7.5,10.875],"texture":"#voxels_atlas"},"up":{"uv":[11.875,6.875,10.625,6.625],"texture":"#voxels_atlas"},"down":{"uv":[12,0,10.75,0.25],"texture":"#voxels_atlas"}}},{"from":[3,5,2],"to":[13,8,14],"faces":{"north":{"uv":[9.375,6.625,10.625,7],"texture":"#voxels_atlas"},"east":{"uv":[9,4.625,10.5,5],"texture":"#voxels_atlas"},"south":{"uv":[9.5,0.875,10.75,1.25],"texture":"#voxels_atlas"},"west":{"uv":[9.125,5,10.625,5.375],"texture":"#voxels_atlas"},"up":{"uv":[6.5,6.75,5.25,5.25],"texture":"#voxels_atlas"},"down":{"uv":[5,5.875,3.75,7.375],"texture":"#voxels_atlas"}}}],"display":{"head":{"translation":[0,-32,0],"scale":[1.5,1.5,1.5]},"fixed":{"rotation":[-90,0,0],"translation":[0,-5.75,-16],"scale":[2,2,2]}},"groups":[{"name":"tires","origin":[16,7,-2],"color":0,"children":[0,{"name":"tires","origin":[16,7,-2],"color":0,"children":[1,2,3,4,5,6,7,8,9]}]},10,11,12,13,14,{"name":"tires","origin":[0,7,-2],"color":0,"children":[{"name":"tires","origin":[0,7,-2],"color":0,"children":[15,16,17,18,19,20,21,22,23,24,25]}]},26,27,28,29,30,31,32,33,34,35,36,37,38]}